{"cameraMode":{"drawMode":0,"name":"Shaded","section":"Shading Mode"},"sceneLighting":false,"audioPlay":false,"sceneViewState":{"m_AlwaysRefresh":false,"showFog":true,"showSkybox":false,"showFlares":true,"showImageEffects":true,"showParticleSystems":true,"showVisualEffectGraphs":true,"m_FxEnabled":true},"in2DMode":false,"pivot":{"x":-8.234138488769532,"y":7.103603363037109,"z":0.7963790893554688},"rotation":{"x":0.04379302263259888,"y":0.010485689155757428,"z":-0.0004465640231501311,"w":0.9990002512931824},"size":59.17527389526367,"orthographic":false}